{"QTD_F34": [-22.930000000000007, 52.43000000000001], "QTD_F43": [null, 72.0], "QTD_L25": [-250011.0, 150021.0], "VAL_L26": [-162690.41999999998, 271150.69999999995], "TAX_L27": [-40.5, 147.5], "TAX_L28": [-1.0, 31.0], "TAX_L29": [3.5, 23.5], "VAL_L30": [-0.585, 1.375], "QTD_H6": [null, 2.0], "QTD_H10": [null, 1.0], "QTD_H12": [null, 2.0], "QTD_H17": [null, 7.617805642450309], "QTD_H23": [null, 3.0], "QTD_H25": [null, 1.0], "QTD_H30": [null, 2.0], "QTD_H31": [null, 1.0], "QTD_H33": [null, 2.0], "QTD_H40": [null, 1.0], "QTD_H41": [null, 1.0], "QTD_H42": [null, 3.0], "QTD_H46": [null, 1.0], "QTD_H48": [null, 2.0], "QTD_H51": [null, 2.0], "QTD_H53": [null, 3.0], "QTD_H54": [null, 1.0], "QTD_H55": [null, 1.0], "QTD_H57": [null, 1.0], "QTD_H59": [null, 2.0], "QTD_H62": [null, 1.0], "VAL_H64": [-173.5, 342.5], "VAL_H65": [-99999.0, -99999.0], "VAL_H70": [-250096.5, 150163.5], "VAL_H72": [-99999.0, -99999.0], "VAL_H77": [-250044.0, 150076.0], "VAL_H80": [-99999.0, -99999.0], "QTD_H88": [null, 2.0], "VAL_H90": [-99999.0, -99999.0], "QTD_H91": [null, 1.0], "VAL_H93": [-99999.0, -99999.0], "QTD_H94": [null, 1.0], "VAL_H96": [-99999.0, -99999.0], "QTD_H97": [null, 2.0], "VAL_H99": [-99999.0, -99999.0], "QTD_H100": [null, 4.0], "VAL_H102": [-250239.3, 150401.5], "QTD_H103": [-99999.0, -99999.0], "QTD_H105": [-99999.0, -99999.0], "QTD_H106": [-99999.0, -99999.0], "QTD_H108": [-250336.5, 150563.5], "QTD_H110": [-99999.0, -99999.0], "QTD_H115": [-250251.0, 150421.0], "QTD_H118": [-250003.5, 150008.5], "QTD_H123": [-99999.0, -99999.0], "QTD_H125": [-99999.0, -99999.0], "VAL_H154": [-292.82750000000004, 768.5925], "VAL_H155": [-99999.0, -99999.0], "VAL_H160": [-250433.66249999998, 150725.43749999997], "VAL_H162": [-99999.0, -99999.0], "VAL_H167": [-250145.21250000002, 150244.68750000003], "VAL_H170": [-99999.0, -99999.0], "QTD_J1": [null, 1.0], "QTD_M3": [null, 1.0], "QTD_M4": [null, 1.0], "QTD_M5": [null, 2.0], "QTD_M6": [null, 2.0], "QTD_M7": [null, 2.0], "QTD_M8": [null, 3.0], "QTD_M9": [null, 1.0], "QTD_M10": [null, 1.0], "QTD_M11": [null, 1.0], "QTD_M12": [null, 1.0], "QTD_M13": [null, 1.0], "QTD_M14": [null, 2.0], "QTD_M15": [null, 21.802936085573542], "QTD_H178": [null, 5.0], "QTD_H179": [null, 3.0], "QTD_H180": [null, 2.0], "QTD_M26": [-99999.0, -99999.0], "QTD_M32": [-99999.0, -99999.0], "QTD_M33": [-250696.5, 151163.5], "QTD_M56": [-99999.0, -99999.0], "QTD_M62": [-99999.0, -99999.0], "QTD_M63": [-250572.0, 150956.0], "QTD_M66": [-99999.0, -99999.0], "QTD_M72": [-99999.0, -99999.0], "QTD_M76": [null, 1.0], "QTD_M77": [null, 1.0], "QTD_M80": [null, 0.0], "QTD_M81": [null, 1.0], "QTD_M82": [null, 1.0], "QTD_M83": [null, 0.0], "M88": [-33336.0, 55560.0], "QTD_M89": [null, 0.0], "QTD_M91": [null, 0.0], "QTD_M92": [null, 0.0], "AMT_M98": [0.0, 0.0], "AMT_M99": [0.0, 0.0], "AMT_M100": [0.0, 0.0], "AMT_M101": [0.0, 0.0], "AMT_M102": [0.0, 0.0], "AMT_M103": [0.0, 0.0], "AMT_M104": [0.0, 0.0], "AMT_M105": [0.0, 0.0], "AMT_M106": [0.0, 0.0], "AMT_M107": [0.0, 0.0], "AMT_M108": [0.0, 0.0], "AMT_M109": [0.0, 0.0], "AMT_M110": [0.0, 0.0], "AMT_M111": [0.0, 0.0], "AMT_M112": [0.0, 0.0], "QTD_M113": [null, 1.0], "QTD_M114": [null, 10.184446616346591], "QTD_M115": [null, 7.619801761803526], "QTD_M116": [null, 1.0], "QTD_M117": [null, 1.0], "QTD_M118": [null, 1.0], "QTD_M119": [null, 1.0], "QTD_M120": [null, 11.143750867974676], "QTD_M121": [null, 7.980976526621951], "QTD_M123": [null, 1.0], "QTD_M124": [null, 1.0], "QTD_M125": [null, 1.0], "QTD_M128": [null, 1.0], "QTD_M129": [null, 0.0], "QTD_M130": [null, 1.0], "QTD_M131": [null, 1.0], "QTD_M133": [null, 8.007048916327829], "QTD_M134": [null, 1.0], "QTD_M135": [null, 1.0], "QTD_M136": [null, 2.0], "QTD_M137": [null, 2.0], "QTD_M140": [null, 9.044938851415683], "QTD_M141": [null, 2.0], "QTD_M143": [null, 1.0], "QTD_M144": [null, 1.0], "QTD_M145": [null, 1.0], "QTD_M146": [null, 2.0], "QTD_M147": [null, 2.0], "QTD_M150": [null, 2.0], "QTD_M151": [null, 2.0], "QTD_M154": [null, 2.0], "QTD_M155": [null, 2.0], "QTD_M160": [null, 2.0], "QTD_M161": [null, 2.0], "QTD_M163": [null, 1.9272071712392633], "QTD_M164": [null, 1.0], "QTD_M165": [null, 1.0], "QTD_M168": [null, 1.0], "QTD_M169": [null, 1.0], "QTD_M170": [null, 3.0], "QTD_M171": [null, 1.0], "QTD_M173": [null, 26.22323490992513], "QTD_M174": [null, 10.721556270004804], "QTD_M175": [null, 11.752260175421071], "QTD_M177": [-249999.0, 150001.0], "QTD_M178": [-249999.0, 150001.0], "QTD_M179": [-249997.5, 149998.5], "QTD_M180": [-249997.5, 149998.5], "QTD_M181": [-250002.0, 150006.0], "QTD_M182": [null, 3.0], "QTD_M183": [null, 1.0], "QTD_M184": [null, 18.468096255973418], "QTD_M185": [null, 1.0], "QTD_M186": [null, 3.0], "QTD_M187": [null, 3.0], "QTD_M188": [null, 1.0], "QTD_M189": [null, 17.31117618837675], "QTD_M190": [null, 1.0], "QTD_M191": [null, 3.0], "QTD_M192": [null, 3.0], "QTD_M193": [null, 1.0], "QTD_M194": [null, 18.692306523632574], "QTD_M195": [null, 1.0], "QTD_M196": [null, 4.106539571554221], "QTD_J3": [0.0, 0.0], "QTD_J4": [-1.5, 2.5], "QTD_J5": [-6.0, 10.0], "QTD_J6": [0.0, 0.0], "QTD_J8": [0.0, 0.0], "QTD_J9": [0.0, 0.0], "QTD_J11": [0.0, 0.0], "QTD_J18": [0.0, 0.0], "QTD_J19": [0.0, 0.0], "QTD_J20": [0.0, 0.0], "QTD_J23": [0.0, 0.0], "QTD_J25": [0.0, 0.0], "QTD_J26": [0.0, 0.0], "QTD_J27": [0.0, 0.0], "QTD_J28": [0.0, 0.0], "QTD_J29": [0.0, 0.0], "QTD_J30": [0.0, 0.0], "QTD_J31": [0.0, 0.0], "QTD_J32": [0.0, 0.0], "QTD_J33": [0.0, 0.0], "QTD_J34": [0.0, 0.0], "QTD_H181": [-1.5, 2.5], "QTD_C1": [-249997.5, 149998.5], "QTD_C2": [-249997.5, 149998.5], "QTD_C3": [-249997.5, 149998.5], "QTD_C4": [-249997.5, 149998.5], "QTD_C5": [-249997.5, 149998.5], "QTD_C6": [-249997.5, 149998.5], "QTD_C7": [-249997.5, 149998.5], "QTD_C8": [-249999.0, 150001.0], "QTD_C11": [-249997.5, 149998.5], "VAL_C12": [-249997.5, 149998.5], "VAL_C13": [-249997.5, 149998.5], "VAL_C14": [-249997.5, 149998.5], "QTD_C15": [-249997.5, 149998.5], "QTD_C16": [-249997.5, 149998.5], "QTD_C17": [-249999.0, 150001.0], "VAL_C18": [-249997.5, 149998.5], "VAL_C19": [-249997.5, 149998.5], "VAL_C20": [-250072.51499999998, 150123.525], "VAL_C21": [-249997.5, 149998.5], "VAL_C22": [-249997.5, 149998.5], "VAL_C23": [-249997.5, 149998.5], "QTD_H182": [null, 259.69073639109155], "QTD_H184": [-99999.0, -99999.0], "QTD_H185": [-99999.0, -99999.0], "QTD_H186": [-99999.0, -99999.0], "QTD_H188": [-250123.5, 150208.5], "QTD_H190": [-99999.0, -99999.0], "QTD_H195": [-250119.0, 150201.0], "QTD_H198": [-250000.5, 150003.5], "QTD_H203": [-99999.0, -99999.0], "QTD_H205": [-99999.0, -99999.0], "QTD_H206": [-250122.0, 150206.0], "QTD_H207": [-99999.0, -99999.0], "QTD_H209": [-99999.0, -99999.0], "QTD_H210": [-99999.0, -99999.0], "QTD_H212": [-250123.5, 150208.5], "QTD_H214": [-99999.0, -99999.0], "QTD_H219": [-99999.0, -99999.0], "QTD_H222": [-99999.0, -99999.0], "QTD_H227": [-99999.0, -99999.0], "QTD_H229": [-99999.0, -99999.0], "VAL_H241": [-99999.0, -99999.0], "VAL_H242": [-99999.0, -99999.0], "VAL_H243": [-99999.0, -99999.0], "VAL_H244": [-99999.0, -99999.0], "VAL_H245": [0.0, 0.0], "VAL_H246": [0.0, 0.0], "VAL_H247": [0.0, 0.0], "VAL_H248": [0.0, 0.0], "VAL_H250": [0.0, 0.0], "VAL_H251": [0.0, 0.0], "VAL_H252": [0.0, 0.0], "VAL_H253": [0.0, 0.0], "VAL_H255": [0.0, 0.0], "VAL_H257": [0.0, 0.0], "VAL_H258": [0.0, 0.0], "VAL_H259": [0.0, 0.0], "VAL_H260": [0.0, 0.0], "VAL_H261": [0.0, 0.0], "VAL_H262": [0.0, 0.0], "VAL_H263": [0.0, 0.0], "VAL_H264": [0.0, 0.0], "VAL_H265": [0.0, 0.0], "VAL_H267": [0.0, 0.0], "QTD_H269": [null, 1.0], "QTD_H270": [null, 1.0], "QTD_H271": [null, 2.0], "QTD_H272": [null, 1.0], "QTD_H273": [null, 1.0], "QTD_H274": [null, 1.0], "QTD_H278": [null, 0.0], "QTD_H281": [null, 1.0], "QTD_H283": [null, 1.0], "QTD_H288": [null, 1.0], "QTD_H291": [null, 1.0], "QTD_H300": [0.0, 0.0], "QTD_H306": [0.0, 0.0], "QTD_H308": [0.0, 0.0], "QTD_H313": [0.0, 0.0], "QTD_H314": [0.0, 0.0], "QTD_H316": [0.0, 0.0], "QTD_H323": [0.0, 0.0], "QTD_H324": [0.0, 0.0], "QTD_H325": [-250006.5, 150013.5],